<?xml version="1.0" encoding="UTF-8"?>
<project-private xmlns="http://www.netbeans.org/ns/project-private/1">
    <editor-bookmarks xmlns="http://www.netbeans.org/ns/editor-bookmarks/2" lastBookmarkId="0"/>
    <open-files xmlns="http://www.netbeans.org/ns/projectui-open-files/2">
        <group>
            <file>file:/home/jnda/Documentos/appConcesionario/src/conf/persistence.xml</file>
            <file>file:/home/jnda/Documentos/appConcesionario/src/java/co/edu/udea/servlet/VentasServlet.java</file>
            <file>file:/home/jnda/Documentos/appConcesionario/src/java/co/edu/udea/servlet/VehiculosServlet.java</file>
            <file>file:/home/jnda/Documentos/appConcesionario/src/java/co/edu/udea/ejb/AdministradoresFacade.java</file>
            <file>file:/home/jnda/Documentos/appConcesionario/src/java/co/edu/udea/servlet/ConcesionarioServlet.java</file>
        </group>
    </open-files>
</project-private>
